Form No,Out Of 5 (1st Person),Out of 5 (2nd Person),Out of 5 (3rd Person),Average
1,2,4,5,3.66666666666667
2,1,3,4,2.66666666666667
3,3,5,4,4
4,2,3,4,3
5,1,3,3,2.33333333333333
6,3,5,5,4.33333333333333
7,3,4,5,4
8,2,4,4,3.33333333333333
9,2,3,4,3
10,3,4,4,3.66666666666667
11,4,4,5,4.33333333333333
12,1,2,3,2
13,3,4,4,3.66666666666667
14,1,3,4,2.66666666666667
15,3,3,3,3
16,3,3,4,3.33333333333333
17,4,4,5,4.33333333333333
18,2,2,2,2
19,2,4,4,3.33333333333333
20,2,2,5,3
21,2,4,4,3.33333333333333
22,4,3,3,3.33333333333333
23,3,4,5,4
24,3,3,4,3.33333333333333
25,3,4,4,3.66666666666667
26,2,2,2,2
27,2,2,2,2
28,3,3,4,3.33333333333333
29,1,3,3,2.33333333333333
30,3,4,4,3.66666666666667
31,2,2,4,2.66666666666667
32,2,2,2,2
33,4,4,4,4
34,1,3,5,3
35,1,2,2,1.66666666666667
36,3,2,3,2.66666666666667
37,2,2,3,2.33333333333333
38,3,3,3,3
39,2,2,5,3
40,2,3,4,3
41,3,4,3,3.33333333333333
42,3,4,4,3.66666666666667
43,3,4,3,3.33333333333333
44,3,4,4,3.66666666666667
45,1,3,2,2
46,2,2,3,2.33333333333333
47,3,4,3,3.33333333333333
48,3,4,3,3.33333333333333
49,2,3,5,3.33333333333333
50,3,4,3,3.33333333333333
51,3,4,5,4
52,3,4,3,3.33333333333333
53,4,4,3,3.66666666666667
54,3,4,4,3.66666666666667
55,3,3,4,3.33333333333333
56,4,4,4,4
57,4,4,3,3.66666666666667
58,4,3,5,4
59,3,4,4,3.66666666666667
60,4,4,3,3.66666666666667
61,5,5,4,4.66666666666667
62,4,2,4,3.33333333333333
63,3,4,4,3.66666666666667
64,3,5,4,4
65,3,2,1,2
66,4,3,3,3.33333333333333
67,2,2,2,2
68,3,4,5,4
69,3,3,3,3
70,2,3,3,2.66666666666667
71,2,4,5,3.66666666666667
72,3,3,3,3
73,3,5,5,4.33333333333333
74,2,3,4,3
75,2,3,5,3.33333333333333
76,4,5,3,4
77,3,4,4,3.66666666666667
78,3,3,3,3
79,2,3,3,2.66666666666667
80,4,4,5,4.33333333333333
81,3,3,3,3
82,4,4,4,4
83,4,3,3,3.33333333333333
84,2,4,3,3
85,2,3,3,2.66666666666667
86,2,3,3,2.66666666666667
87,3,4,4,3.66666666666667
88,2,4,3,3
89,2,3,3,2.66666666666667
90,2,4,3,3
91,3,4,2,3
92,3,4,4,3.66666666666667
93,2,4,3,3
94,3,4,2,3
95,2,3,2,2.33333333333333
96,2,2,2,2
97,4,4,4,4
98,3,4,3,3.33333333333333
99,2,2,2,2
100,3,3,3,3
101,4,4,5,4.33333333333333
102,4,5,4,4.33333333333333
103,4,4,4,4
104,4,4,3,3.66666666666667
105,4,3,4,3.66666666666667
106,4,3,3,3.33333333333333
107,3,2,3,2.66666666666667
108,4,4,3,3.66666666666667
109,4,3,4,3.66666666666667
110,4,3,5,4
111,3,3,3,3
112,3,4,3,3.33333333333333
113,4,4,4,4
114,3,3,3,3
115,4,4,4,4
116,3,3,4,3.33333333333333
117,5,4,5,4.66666666666667
118,4,4,4,4
119,4,4,5,4.33333333333333
120,4,3,3,3.33333333333333
121,4,4,4,4
122,3,4,4,3.66666666666667
123,4,4,4,4
124,4,3,4,3.66666666666667
125,4,4,5,4.33333333333333
126,3,4,2,3
127,4,3,4,3.66666666666667
128,4,4,4,4
129,3,3,4,3.33333333333333
130,3,4,3,3.33333333333333
131,4,4,3,3.66666666666667
132,4,4,3,3.66666666666667
133,1,3,2,2
134,4,3,2,3
135,4,3,3,3.33333333333333
136,3,2,3,2.66666666666667
137,3,3,2,2.66666666666667
138,4,5,3,4
139,2,4,4,3.33333333333333
140,3,2,3,2.66666666666667
141,4,4,3,3.66666666666667
142,2,3,3,2.66666666666667
143,3,4,2,3
144,4,3,3,3.33333333333333
145,3,3,2,2.66666666666667
146,4,3,5,4
147,3,3,3,3
148,4,4,4,4
149,4,5,4,4.33333333333333
150,4,3,3,3.33333333333333
151,3,3,3,3
152,3,3,3,3
153,3,3,3,3
154,3,3,3,3
155,3,2,2,2.33333333333333
156,4,3,5,4
157,4,4,3,3.66666666666667
158,5,4,3,4
159,4,4,4,4
160,4,3,3,3.33333333333333
161,4,4,4,4
162,2,2,3,2.33333333333333
163,3,3,3,3
164,3,1,3,2.33333333333333
165,3,3,3,3
166,4,5,4,4.33333333333333
167,4,3,3,3.33333333333333
168,4,3,2,3
169,4,3,3,3.33333333333333
170,4,3,2,3
171,4,3,2,3
172,2,1,1,1.33333333333333
173,3,2,3,2.66666666666667
174,3,3,4,3.33333333333333
175,2,2,2,2
176,2,3,2,2.33333333333333
177,3,3,2,2.66666666666667
178,3,2,4,3
179,2,2,3,2.33333333333333
180,2,1,2,1.66666666666667
181,2,4,3,3
182,2,2,2,2
183,2,2,1,1.66666666666667
184,3,2,3,2.66666666666667
185,2,2,3,2.33333333333333
186,3,3,3,3
187,2,2,2,2
188,3,2,3,2.66666666666667
189,3,2,4,3
190,3,3,3,3
191,3,3,2,2.66666666666667
192,3,4,3,3.33333333333333
193,2,2,2,2
194,3,4,4,3.66666666666667
195,3,3,4,3.33333333333333
196,2,2,4,2.66666666666667
197,3,2,2,2.33333333333333
198,4,3,4,3.66666666666667
199,2,2,2,2
200,3,3,3,3
201,2,2,2,2
202,2,2,4,2.66666666666667
203,3,3,4,3.33333333333333
204,3,3,3,3
205,2,2,3,2.33333333333333
206,1,2,2,1.66666666666667
207,1,2,3,2
208,2,3,3,2.66666666666667
209,2,3,3,2.66666666666667
210,2,2,2,2
211,3,3,4,3.33333333333333
212,2,3,2,2.33333333333333
213,2,2,2,2
214,2,3,3,2.66666666666667
215,2,5,5,4
216,2,3,3,2.66666666666667
217,3,3,3,3
218,3,3,4,3.33333333333333
219,4,5,5,4.66666666666667
220,3,3,3,3
221,3,3,1,2.33333333333333
222,3,5,4,4
223,4,4,5,4.33333333333333
224,2,2,3,2.33333333333333
225,2,3,2,2.33333333333333
226,3,3,4,3.33333333333333
227,2,3,4,3
228,2,2,3,2.33333333333333
229,4,4,5,4.33333333333333
230,3,4,3,3.33333333333333
231,4,3,3,3.33333333333333
232,3,3,2,2.66666666666667
233,3,4,4,3.66666666666667
234,2,3,3,2.66666666666667
235,3,3,2,2.66666666666667
236,3,3,5,3.66666666666667
237,4,3,3,3.33333333333333
238,3,4,4,3.66666666666667
239,3,3,4,3.33333333333333
240,2,3,3,2.66666666666667
241,3,3,3,3
242,3,3,3,3
243,3,4,5,4
244,4,4,4,4
245,3,4,3,3.33333333333333
246,3,3,5,3.66666666666667
247,3,3,2,2.66666666666667
248,3,4,5,4
249,3,3,5,3.66666666666667
250,4,4,5,4.33333333333333
251,4,4,4,4
252,4,2,4,3.33333333333333
253,3,4,4,3.66666666666667
254,2,3,2,2.33333333333333
255,3,3,3,3
256,3,2,3,2.66666666666667
257,3,2,4,3
258,3,4,3,3.33333333333333
259,4,5,3,4
260,3,4,3,3.33333333333333
261,3,3,5,3.66666666666667
262,3,3,3,3
263,3,3,3,3
264,3,4,3,3.33333333333333
265,4,5,4,4.33333333333333
266,3,3,3,3
267,4,3,3,3.33333333333333
268,3,3,4,3.33333333333333
269,3,3,5,3.66666666666667
270,3,4,4,3.66666666666667
271,3,2,3,2.66666666666667
272,3,3,4,3.33333333333333
273,4,4,4,4
274,4,4,3,3.66666666666667
275,3,3,4,3.33333333333333
276,4,3,3,3.33333333333333
277,4,3,5,4
278,4,3,4,3.66666666666667
279,4,5,5,4.66666666666667
280,3,4,3,3.33333333333333
281,3,3,3,3
282,3,4,3,3.33333333333333
283,3,3,4,3.33333333333333
284,3,3,3,3
285,3,3,4,3.33333333333333
286,3,3,3,3
287,3,4,3,3.33333333333333
288,3,4,3,3.33333333333333
289,3,3,4,3.33333333333333
290,3,3,4,3.33333333333333
291,3,3,2,2.66666666666667
292,4,4,3,3.66666666666667
293,3,3,2,2.66666666666667
294,4,3,4,3.66666666666667
295,4,4,4,4
296,4,4,3,3.66666666666667
297,3,3,3,3
298,3,3,3,3
299,2,3,3,2.66666666666667
300,4,3,4,3.66666666666667
301,4,4,3,3.66666666666667
302,2,2,2,2
303,4,4,2,3.33333333333333
304,4,5,3,4
305,4,3,2,3
306,4,4,3,3.66666666666667
307,4,3,2,3
308,3,4,2,3
309,4,5,3,4
310,3,3,2,2.66666666666667
311,4,4,2,3.33333333333333
312,4,5,3,4
313,3,3,2,2.66666666666667
314,3,3,2,2.66666666666667
315,3,4,2,3
316,4,5,3,4
317,4,5,2,3.66666666666667
318,4,4,3,3.66666666666667
319,3,4,2,3
320,5,5,2,4
321,4,4,2,3.33333333333333
322,4,5,2,3.66666666666667
323,3,4,2,3
324,4,5,2,3.66666666666667
325,4,5,3,4
326,3,4,2,3
327,4,5,3,4
328,5,5,3,4.33333333333333
329,4,5,2,3.66666666666667
330,4,5,2,3.66666666666667
331,3,3,2,2.66666666666667
332,4,4,4,4
333,3,3,2,2.66666666666667
334,4,3,3,3.33333333333333
335,4,3,2,3
336,4,4,2,3.33333333333333
337,4,5,2,3.66666666666667
338,4,4,2,3.33333333333333
339,3,4,2,3
340,4,5,3,4
341,4,4,3,3.66666666666667
342,4,4,3,3.66666666666667
343,4,5,4,4.33333333333333
344,4,5,2,3.66666666666667
345,3,3,2,2.66666666666667
346,4,4,3,3.66666666666667
347,3,3,2,2.66666666666667
348,4,4,2,3.33333333333333
349,4,3,2,3
350,4,5,3,4
351,4,4,2,3.33333333333333
352,4,4,3,3.66666666666667
353,4,5,2,3.66666666666667
354,5,5,3,4.33333333333333
355,5,5,2,4
356,5,4,3,4
357,5,4,3,4
358,5,3,2,3.33333333333333
359,5,5,5,5
360,5,5,5,5
361,5,5,5,5
362,4,4,3,3.66666666666667
363,4,5,3,4
364,4,5,3,4
365,4,4,3,3.66666666666667
366,4,3,2,3
367,4,4,2,3.33333333333333
368,4,4,2,3.33333333333333
369,5,4,3,4
370,4,5,2,3.66666666666667
371,5,4,2,3.66666666666667
372,3,2,1,2
373,4,5,3,4
374,5,5,3,4.33333333333333
375,5,4,2,3.66666666666667
376,4,5,2,3.66666666666667
377,5,5,5,5
378,3,2,2,2.33333333333333
379,5,5,4,4.66666666666667
380,4,4,3,3.66666666666667
381,5,5,3,4.33333333333333
382,5,5,4,4.66666666666667
383,3,5,4,4
384,5,5,4,4.66666666666667
385,5,4,2,3.66666666666667
386,3,4,2,3
387,5,5,2,4
388,4,4,4,4
389,5,5,4,4.66666666666667
390,5,4,2,3.66666666666667
391,4,5,4,4.33333333333333
392,5,4,2,3.66666666666667
393,5,5,4,4.66666666666667
394,4,5,5,4.66666666666667
395,3,4,5,4
396,5,5,5,5
397,4,5,3,4
398,5,5,4,4.66666666666667
399,5,5,5,5
400,5,5,4,4.66666666666667
401,4,5,4,4.33333333333333
402,4,5,4,4.33333333333333
403,4,4,3,3.66666666666667
404,4,4,4,4
405,4,3,3,3.33333333333333
406,5,4,4,4.33333333333333
407,4,2,4,3.33333333333333
408,4,5,4,4.33333333333333
409,4,5,4,4.33333333333333
410,3,4,3,3.33333333333333
411,4,5,4,4.33333333333333
412,3,4,4,3.66666666666667
413,4,3,4,3.66666666666667
414,4,4,3,3.66666666666667
415,5,4,4,4.33333333333333
416,5,5,5,5
417,4,3,3,3.33333333333333
418,5,5,5,5
419,4,5,4,4.33333333333333
420,5,5,4,4.66666666666667
421,5,4,3,4
422,4,3,4,3.66666666666667
423,2,2,2,2
424,4,3,4,3.66666666666667
425,4,4,4,4
426,4,4,3,3.66666666666667
427,3,3,3,3
428,4,5,4,4.33333333333333
429,2,2,2,2
430,3,4,3,3.33333333333333
431,4,3,2,3
432,5,4,4,4.33333333333333
433,3,3,2,2.66666666666667
434,4,5,3,4
435,4,3,3,3.33333333333333
436,3,5,3,3.66666666666667
437,4,3,3,3.33333333333333
438,4,4,3,3.66666666666667
439,4,4,3,3.66666666666667
440,3,4,2,3
441,4,3,3,3.33333333333333
442,4,4,3,3.66666666666667
443,4,5,3,4
444,4,3,3,3.33333333333333
445,3,3,2,2.66666666666667
446,4,4,4,4
447,3,3,3,3
448,5,5,4,4.66666666666667
449,4,5,4,4.33333333333333
450,4,5,5,4.66666666666667
451,4,5,3,4
452,4,5,3,4
453,5,5,4,4.66666666666667
454,4,5,4,4.33333333333333
455,4,4,5,4.33333333333333
456,3,4,4,3.66666666666667
457,3,4,4,3.66666666666667
458,4,4,5,4.33333333333333
459,3,3,2,2.66666666666667
460,3,3,3,3
461,3,3,3,3
462,2,3,2,2.33333333333333
463,2,3,2,2.33333333333333
464,4,2,3,3
465,4,4,3,3.66666666666667
466,3,3,2,2.66666666666667
467,4,3,3,3.33333333333333
468,3,5,4,4
469,3,5,4,4
470,3,4,3,3.33333333333333
471,3,3,3,3
472,2,3,4,3
473,2,4,3,3
474,4,3,4,3.66666666666667
475,4,5,5,4.66666666666667
476,3,3,2,2.66666666666667
477,4,4,3,3.66666666666667
478,4,5,5,4.66666666666667
479,4,5,3,4
480,2,3,3,2.66666666666667
481,2,2,2,2
482,4,4,5,4.33333333333333
483,3,3,2,2.66666666666667
484,4,5,5,4.66666666666667
485,2,4,4,3.33333333333333
486,4,4,3,3.66666666666667
487,3,5,4,4
488,3,4,3,3.33333333333333
489,4,5,5,4.66666666666667
490,2,5,4,3.66666666666667
491,4,4,3,3.66666666666667
492,4,4,5,4.33333333333333
493,3,5,5,4.33333333333333
494,3,4,4,3.66666666666667
495,4,5,4,4.33333333333333
496,2,3,2,2.33333333333333
497,3,4,4,3.66666666666667
498,3,4,3,3.33333333333333
499,3,4,2,3
500,4,3,2,3
501,4,3,4,3.66666666666667
502,3,3,2,2.66666666666667
503,4,5,5,4.66666666666667
504,4,4,3,3.66666666666667
505,4,5,5,4.66666666666667
506,4,3,3,3.33333333333333
507,2,2,2,2
508,3,3,4,3.33333333333333
509,3,3,3,3
510,3,3,4,3.33333333333333
511,3,3,2,2.66666666666667
512,3,2,2,2.33333333333333
513,3,2,3,2.66666666666667
514,4,2,2,2.66666666666667
515,4,3,3,3.33333333333333
516,4,3,3,3.33333333333333
517,3,3,3,3
518,4,4,3,3.66666666666667
519,3,3,3,3
520,3,3,4,3.33333333333333
521,4,3,2,3
522,3,4,3,3.33333333333333
523,3,2,3,2.66666666666667
524,3,2,2,2.33333333333333
525,3,3,2,2.66666666666667
526,4,2,3,3
527,5,4,4,4.33333333333333
528,3,1,2,2
529,3,3,2,2.66666666666667
530,3,4,3,3.33333333333333
531,4,5,4,4.33333333333333
532,5,5,4,4.66666666666667
533,5,4,4,4.33333333333333
534,5,5,5,5
535,4,4,5,4.33333333333333
536,3,3,4,3.33333333333333
537,4,3,3,3.33333333333333
538,3,2,2,2.33333333333333
539,4,3,3,3.33333333333333
540,4,3,2,3
541,4,3,3,3.33333333333333
542,4,3,4,3.66666666666667
543,4,3,4,3.66666666666667
544,5,4,5,4.66666666666667
545,4,3,3,3.33333333333333
546,4,3,3,3.33333333333333
547,4,2,2,2.66666666666667
548,4,4,4,4
549,4,3,4,3.66666666666667
550,3,4,4,3.66666666666667
551,4,3,5,4
552,3,2,3,2.66666666666667
553,3,3,3,3
554,4,4,4,4
555,3,3,5,3.66666666666667
556,4,4,4,4
557,3,3,2,2.66666666666667
558,4,4,5,4.33333333333333
559,3,3,3,3
560,4,4,3,3.66666666666667
561,4,3,3,3.33333333333333
562,4,3,5,4
563,5,4,5,4.66666666666667
564,4,4,2,3.33333333333333
565,4,3,4,3.66666666666667
566,4,4,4,4
567,4,3,3,3.33333333333333
568,3,3,3,3
569,4,4,1,3
570,5,4,4,4.33333333333333
571,3,3,2,2.66666666666667
572,3,3,3,3
573,3,3,2,2.66666666666667
574,4,4,4,4
575,4,3,5,4
576,4,3,5,4
577,3,1,2,2
578,4,2,4,3.33333333333333
579,4,3,3,3.33333333333333
580,4,2,3,3
581,4,4,3,3.66666666666667
582,3,3,4,3.33333333333333
583,3,2,2,2.33333333333333
584,3,3,3,3
585,3,3,3,3
586,4,4,3,3.66666666666667
587,4,3,5,4
588,3,3,3,3
589,3,3,3,3
590,3,2,1,2
591,3,2,2,2.33333333333333
592,4,3,2,3
593,4,3,2,3
594,3,2,3,2.66666666666667
595,3,3,4,3.33333333333333
596,3,3,3,3
597,2,3,1,2
598,2,1,1,1.33333333333333
599,3,1,3,2.33333333333333
600,3,3,3,3
601,3,3,3,3
602,3,3,3,3
603,2,2,3,2.33333333333333
604,2,3,2,2.33333333333333
605,3,4,3,3.33333333333333
606,3,3,2,2.66666666666667
607,2,2,2,2
608,2,3,3,2.66666666666667
609,3,3,2,2.66666666666667
610,2,2,1,1.66666666666667
611,3,3,1,2.33333333333333
612,2,2,2,2
613,2,2,1,1.66666666666667
614,3,3,3,3
615,2,3,4,3
616,3,3,3,3
617,3,3,3,3
618,2,2,2,2
619,4,5,3,4
620,4,4,4,4
621,3,3,3,3
622,3,5,4,4
623,1,2,1,1.33333333333333
624,2,1,2,1.66666666666667
625,1,1,2,1.33333333333333
626,1,1,2,1.33333333333333
627,2,1,2,1.66666666666667
628,3,4,3,3.33333333333333
629,3,3,2,2.66666666666667
630,2,2,2,2
631,2,1,2,1.66666666666667
632,2,1,1,1.33333333333333
633,2,1,1,1.33333333333333
634,2,1,1,1.33333333333333
635,2,2,1,1.66666666666667
636,3,3,2,2.66666666666667
637,1,1,1,1
638,1,1,1,1
639,2,2,2,2
640,3,2,2,2.33333333333333
641,2,2,1,1.66666666666667
642,1,2,1,1.33333333333333
643,2,2,1,1.66666666666667
644,1,1,1,1
645,2,1,1,1.33333333333333
646,2,2,2,2
647,1,2,2,1.66666666666667
648,1,1,2,1.33333333333333
649,1,2,1,1.33333333333333
650,3,3,3,3
651,2,2,2,2
652,2,2,2,2
653,2,3,2,2.33333333333333
654,2,1,1,1.33333333333333
655,2,2,1,1.66666666666667
656,3,3,2,2.66666666666667
657,2,1,2,1.66666666666667
658,2,1,1,1.33333333333333
659,2,2,1,1.66666666666667
660,3,3,2,2.66666666666667
661,4,3,4,3.66666666666667
662,2,2,2,2
663,2,3,2,2.33333333333333
664,3,3,2,2.66666666666667
665,3,3,2,2.66666666666667
666,2,1,1,1.33333333333333
667,2,1,1,1.33333333333333
668,1,1,1,1
669,1,1,1,1
670,1,1,1,1
671,1,2,2,1.66666666666667
672,1,1,1,1
673,2,1,2,1.66666666666667
674,4,4,3,3.66666666666667
675,4,3,3,3.33333333333333
676,1,1,1,1
677,1,1,1,1
678,1,1,1,1
679,2,1,2,1.66666666666667
680,1,1,1,1
681,1,1,1,1
682,1,1,1,1
683,1,1,1,1
684,3,1,1,1.66666666666667
685,4,4,3,3.66666666666667
686,3,3,2,2.66666666666667
687,3,3,3,3
688,2,3,2,2.33333333333333
689,1,1,1,1
690,1,1,1,1
691,1,1,1,1
692,2,3,2,2.33333333333333
693,1,1,1,1
694,1,1,1,1
695,1,1,1,1
696,2,1,2,1.66666666666667
697,3,2,2,2.33333333333333
698,2,1,1,1.33333333333333
699,3,3,2,2.66666666666667
700,2,2,1,1.66666666666667
701,1,1,1,1
702,1,1,1,1
703,2,1,2,1.66666666666667
704,1,1,1,1
705,1,1,1,1
706,1,1,1,1
707,1,1,2,1.33333333333333
708,2,2,2,2
709,2,2,2,2
710,3,2,3,2.66666666666667
711,4,4,4,4
712,4,3,4,3.66666666666667
713,3,2,2,2.33333333333333
714,3,1,2,2
715,1,1,1,1
716,1,1,1,1
717,2,3,3,2.66666666666667
718,2,3,3,2.66666666666667
719,3,2,3,2.66666666666667
720,3,3,3,3
721,2,1,1,1.33333333333333
722,1,2,2,1.66666666666667
723,1,2,2,1.66666666666667
724,2,2,2,2
725,1,1,1,1
726,2,2,3,2.33333333333333
727,1,1,1,1
728,2,1,1,1.33333333333333
729,1,1,2,1.33333333333333
730,1,1,1,1
731,1,1,2,1.33333333333333
732,1,1,1,1
733,2,1,2,1.66666666666667
734,2,1,2,1.66666666666667
735,2,3,2,2.33333333333333
736,2,2,1,1.66666666666667
737,1,1,1,1
738,1,1,1,1
739,1,1,1,1
740,1,1,1,1
741,2,3,3,2.66666666666667
742,2,2,2,2
743,1,1,1,1
744,1,1,1,1
745,2,2,2,2
746,2,2,2,2
747,2,3,1,2
748,3,2,2,2.33333333333333
749,2,2,2,2
750,3,4,3,3.33333333333333
751,2,2,2,2
752,2,2,2,2
753,1,1,1,1
754,1,1,2,1.33333333333333
755,2,3,3,2.66666666666667
756,2,2,2,2
757,3,3,2,2.66666666666667
758,2,2,1,1.66666666666667
759,1,1,1,1
760,1,1,1,1
761,3,3,3,3
762,3,3,2,2.66666666666667
763,3,2,2,2.33333333333333
764,3,2,2,2.33333333333333
765,2,3,2,2.33333333333333
766,2,2,2,2
767,2,1,2,1.66666666666667
768,2,1,1,1.33333333333333
769,2,3,2,2.33333333333333
770,2,3,2,2.33333333333333
771,2,3,2,2.33333333333333
772,3,3,3,3
773,3,3,2,2.66666666666667
774,3,3,3,3
775,2,1,2,1.66666666666667
776,2,1,3,2
777,2,3,2,2.33333333333333
778,2,4,3,3
779,2,2,2,2
780,2,2,2,2
781,1,2,2,1.66666666666667
782,1,2,2,1.66666666666667
783,2,3,2,2.33333333333333
784,2,3,2,2.33333333333333
785,2,2,2,2
786,1,2,2,1.66666666666667
787,1,2,1,1.33333333333333
788,1,1,1,1
789,2,1,1,1.33333333333333
790,3,2,1,2
791,2,3,2,2.33333333333333
792,3,3,2,2.66666666666667
793,2,3,2,2.33333333333333
794,2,4,2,2.66666666666667
795,1,1,1,1
796,1,1,1,1
797,3,3,2,2.66666666666667
798,2,2,2,2
799,2,2,1,1.66666666666667
800,1,1,1,1
801,2,2,2,2
802,1,2,2,1.66666666666667
803,2,1,2,1.66666666666667
804,1,2,3,2
805,1,1,2,1.33333333333333
806,1,2,2,1.66666666666667
807,2,2,2,2
808,2,3,3,2.66666666666667
809,1,2,2,1.66666666666667
810,1,1,2,1.33333333333333
811,1,1,1,1
812,2,3,3,2.66666666666667
813,2,2,2,2
814,2,1,2,1.66666666666667
815,2,4,4,3.33333333333333
816,2,3,3,2.66666666666667
817,2,5,3,3.33333333333333
818,2,4,2,2.66666666666667
819,3,3,3,3
820,2,1,1,1.33333333333333
821,3,4,4,3.66666666666667
822,4,4,3,3.66666666666667
823,2,1,1,1.33333333333333
824,2,2,3,2.33333333333333
825,2,2,3,2.33333333333333
826,2,2,3,2.33333333333333
827,1,1,2,1.33333333333333
828,1,1,1,1
829,1,1,1,1
830,2,2,1,1.66666666666667
831,1,1,1,1
832,2,3,3,2.66666666666667
833,2,1,2,1.66666666666667
834,1,2,2,1.66666666666667
835,1,1,2,1.33333333333333
836,1,1,1,1
837,2,2,3,2.33333333333333
838,2,2,3,2.33333333333333
839,1,1,1,1
840,1,2,2,1.66666666666667
841,1,1,2,1.33333333333333
842,1,1,1,1
843,3,3,4,3.33333333333333
844,2,3,3,2.66666666666667
845,2,2,2,2
846,1,1,1,1
847,1,2,2,1.66666666666667
848,1,1,1,1
849,1,1,2,1.33333333333333
850,2,2,2,2
851,2,3,2,2.33333333333333
852,2,4,3,3
853,1,2,2,1.66666666666667
854,1,2,2,1.66666666666667
855,1,1,2,1.33333333333333
856,1,1,1,1
857,2,1,1,1.33333333333333
858,1,1,1,1
859,1,2,3,2
860,1,2,3,2
861,1,2,2,1.66666666666667
862,2,3,3,2.66666666666667
863,2,4,3,3
864,3,3,3,3
865,3,4,3,3.33333333333333
866,2,3,3,2.66666666666667
867,2,3,2,2.33333333333333
868,2,2,2,2
869,2,2,2,2
870,2,2,2,2
871,1,1,1,1
872,1,2,2,1.66666666666667
873,1,2,2,1.66666666666667
874,1,1,1,1
875,2,2,2,2
876,1,1,1,1
877,1,1,1,1
878,2,1,1,1.33333333333333
879,2,1,2,1.66666666666667
880,2,1,2,1.66666666666667
881,3,2,2,2.33333333333333
882,1,1,2,1.33333333333333
883,1,1,2,1.33333333333333
884,1,1,2,1.33333333333333
885,2,2,2,2
886,1,1,1,1
887,1,1,1,1
888,1,2,2,1.66666666666667
889,1,2,2,1.66666666666667
890,1,1,2,1.33333333333333
891,2,3,3,2.66666666666667
892,2,3,3,2.66666666666667
893,2,4,3,3
894,3,1,2,2
895,4,2,2,2.66666666666667
896,1,1,2,1.33333333333333
897,1,1,2,1.33333333333333
898,2,2,2,2
899,3,2,2,2.33333333333333
900,3,2,2,2.33333333333333
901,1,1,2,1.33333333333333
902,1,1,1,1
903,1,1,2,1.33333333333333
904,2,1,1,1.33333333333333
905,3,2,2,2.33333333333333
906,3,2,1,2
907,1,1,1,1
908,1,1,2,1.33333333333333
909,1,1,2,1.33333333333333
910,1,1,1,1
911,1,1,1,1
912,2,1,1,1.33333333333333
913,1,1,1,1
914,1,1,2,1.33333333333333
915,1,1,1,1
916,3,2,3,2.66666666666667
917,3,3,3,3
918,1,3,2,2
919,1,1,1,1
920,1,1,1,1
921,1,1,1,1
922,1,1,1,1
923,2,2,2,2
924,2,4,2,2.66666666666667
925,1,2,1,1.33333333333333
926,1,1,1,1
927,2,3,3,2.66666666666667
928,3,3,3,3
929,2,2,3,2.33333333333333
930,2,2,2,2
931,1,1,1,1
932,1,1,1,1
933,2,2,2,2
934,2,2,2,2
935,3,3,2,2.66666666666667
936,3,3,3,3
937,3,4,3,3.33333333333333
938,3,5,4,4
939,1,1,1,1
940,1,1,1,1
941,1,2,1,1.33333333333333
942,2,2,1,1.66666666666667
943,2,2,1,1.66666666666667
944,3,3,2,2.66666666666667
945,2,3,2,2.33333333333333
946,3,3,3,3
947,4,4,3,3.66666666666667
948,3,4,3,3.33333333333333
949,2,3,1,2
950,2,3,3,2.66666666666667
951,3,4,2,3
952,2,4,2,2.66666666666667
953,3,3,3,3
954,2,3,2,2.33333333333333
955,2,3,3,2.66666666666667
956,1,2,1,1.33333333333333
957,1,2,2,1.66666666666667
958,2,3,3,2.66666666666667
959,2,4,4,3.33333333333333
960,1,1,1,1
961,3,2,2,2.33333333333333
962,3,2,2,2.33333333333333
963,2,2,2,2
964,2,3,2,2.33333333333333
965,2,3,3,2.66666666666667
966,2,3,2,2.33333333333333
967,2,2,1,1.66666666666667
968,2,2,2,2
969,3,2,3,2.66666666666667
970,3,2,3,2.66666666666667
971,2,1,1,1.33333333333333
972,2,2,2,2
973,2,2,2,2
974,1,1,2,1.33333333333333
975,2,2,2,2
976,2,2,3,2.33333333333333
977,2,2,2,2
978,3,2,3,2.66666666666667
979,3,2,2,2.33333333333333
980,2,2,1,1.66666666666667
981,1,1,2,1.33333333333333
982,2,2,3,2.33333333333333
983,1,1,2,1.33333333333333
984,2,2,2,2
985,1,2,2,1.66666666666667
986,1,1,1,1
987,2,1,1,1.33333333333333
988,2,1,1,1.33333333333333
989,3,2,2,2.33333333333333
990,4,3,3,3.33333333333333
991,4,3,3,3.33333333333333
992,3,1,1,1.66666666666667
993,3,1,1,1.66666666666667
994,3,1,1,1.66666666666667
995,4,1,2,2.33333333333333
996,3,4,3,3.33333333333333
997,3,3,2,2.66666666666667
998,2,2,2,2
999,4,4,3,3.66666666666667
1000,3,3,2,2.66666666666667
1001,2,2,1,1.66666666666667
1002,4,5,4,4.33333333333333
1003,4,5,4,4.33333333333333
1004,3,4,3,3.33333333333333
1005,3,3,3,3
1006,2,3,3,2.66666666666667
1007,2,3,3,2.66666666666667
1008,2,2,2,2
1009,2,1,1,1.33333333333333
1010,3,3,1,2.33333333333333
1011,3,3,2,2.66666666666667
1012,3,3,3,3
1013,2,4,3,3
1014,2,4,3,3
1015,2,3,2,2.33333333333333
1016,1,2,2,1.66666666666667
1017,1,1,1,1
1018,1,1,1,1
1019,1,2,1,1.33333333333333
1020,1,2,1,1.33333333333333
1021,1,2,1,1.33333333333333
1022,1,4,3,2.66666666666667
1023,1,3,3,2.33333333333333
1024,1,3,2,2
1025,1,2,2,1.66666666666667
1026,1,2,1,1.33333333333333
1027,1,2,1,1.33333333333333
1028,2,4,3,3
1029,2,2,1,1.66666666666667
1030,2,3,1,2
1031,1,4,1,2
1032,1,2,1,1.33333333333333
1033,1,3,1,1.66666666666667
1034,1,2,2,1.66666666666667
1035,2,3,2,2.33333333333333
1036,2,3,3,2.66666666666667
1037,2,2,1,1.66666666666667
1038,2,3,2,2.33333333333333
1039,1,1,1,1
1040,1,1,1,1
1041,1,1,1,1
1042,1,2,2,1.66666666666667
1043,1,2,1,1.33333333333333
1044,1,2,2,1.66666666666667
1045,1,2,3,2
1046,1,2,2,1.66666666666667
1047,1,2,1,1.33333333333333
1048,1,2,1,1.33333333333333
1049,2,3,3,2.66666666666667
1050,2,3,3,2.66666666666667
1051,2,3,2,2.33333333333333
1052,2,3,3,2.66666666666667
1053,1,3,3,2.33333333333333
1054,1,3,2,2
1055,1,4,3,2.66666666666667
1056,1,4,3,2.66666666666667
1057,1,1,1,1
1058,1,1,1,1
1059,1,1,1,1
1060,1,1,1,1
1061,2,3,2,2.33333333333333
1062,1,3,2,2
1063,1,3,2,2
1064,1,2,2,1.66666666666667
1065,1,3,2,2
1066,1,3,2,2
1067,1,1,2,1.33333333333333
1068,1,2,2,1.66666666666667
1069,1,1,2,1.33333333333333
1070,1,1,1,1
1071,1,2,2,1.66666666666667
1072,1,1,1,1
1073,1,2,2,1.66666666666667
1074,1,1,1,1
1075,1,2,1,1.33333333333333
1076,1,2,1,1.33333333333333
1077,1,1,1,1
1078,1,2,1,1.33333333333333
1079,2,4,5,3.66666666666667
1080,2,4,5,3.66666666666667
1081,3,4,4,3.66666666666667
1082,3,3,3,3
1083,2,3,1,2
1084,2,2,1,1.66666666666667
1085,2,3,1,2
1086,3,3,3,3
1087,3,4,3,3.33333333333333
1088,4,4,3,3.66666666666667
1089,3,4,3,3.33333333333333
1090,4,4,3,3.66666666666667
1091,3,3,4,3.33333333333333
1092,2,4,4,3.33333333333333
1093,2,4,3,3
1094,2,3,3,2.66666666666667
1095,2,2,1,1.66666666666667
1096,2,3,1,2
1097,1,2,1,1.33333333333333
1098,1,2,2,1.66666666666667
1099,1,1,1,1
1100,1,1,1,1
1101,2,2,3,2.33333333333333
1102,2,2,2,2
1103,1,2,1,1.33333333333333
1104,1,1,1,1
1105,1,2,1,1.33333333333333
1106,1,2,2,1.66666666666667
1107,2,3,2,2.33333333333333
1108,1,2,2,1.66666666666667
1109,1,1,1,1
1110,3,2,3,2.66666666666667
1111,2,2,2,2
1112,2,1,1,1.33333333333333
1113,2,2,2,2
1114,2,2,1,1.66666666666667
1115,2,1,1,1.33333333333333
1116,3,2,1,2
1117,3,2,1,2
1118,4,4,3,3.66666666666667
1119,3,5,3,3.66666666666667
1120,2,3,2,2.33333333333333
1121,2,2,2,2
1122,4,5,3,4
1123,4,4,3,3.66666666666667
1124,1,1,1,1
1125,1,1,1,1
1126,3,2,3,2.66666666666667
1127,2,3,3,2.66666666666667
1128,1,1,2,1.33333333333333
1129,1,1,2,1.33333333333333
1130,1,1,1,1
1131,3,4,3,3.33333333333333
1132,1,2,1,1.33333333333333
1133,1,1,1,1
1134,3,3,3,3
1135,3,3,2,2.66666666666667
1136,3,2,1,2
1137,3,3,3,3
1138,3,2,2,2.33333333333333
1139,3,3,2,2.66666666666667
1140,2,2,2,2
1141,2,3,2,2.33333333333333
1142,2,3,2,2.33333333333333
1143,2,3,4,3
1144,2,2,2,2
1145,2,1,2,1.66666666666667
1146,1,1,2,1.33333333333333
1147,2,2,2,2
1148,3,4,4,3.66666666666667
1149,2,2,2,2
1150,3,4,3,3.33333333333333
1151,1,1,1,1
1152,2,2,2,2
1153,1,2,2,1.66666666666667
1154,1,1,2,1.33333333333333
1155,2,1,2,1.66666666666667
1156,1,2,1,1.33333333333333
1157,1,2,2,1.66666666666667
1158,2,3,2,2.33333333333333
1159,1,2,3,2
1160,1,1,2,1.33333333333333
1161,2,2,1,1.66666666666667
1162,2,3,2,2.33333333333333
1163,1,2,1,1.33333333333333
1164,1,2,1,1.33333333333333
1165,1,1,1,1
1166,1,1,1,1
1167,3,4,3,3.33333333333333
1168,3,3,2,2.66666666666667
1169,2,3,2,2.33333333333333
1170,3,3,3,3
1171,3,4,3,3.33333333333333
1172,3,3,3,3
1173,1,3,2,2
1174,1,2,2,1.66666666666667
1175,1,2,1,1.33333333333333
1176,2,2,2,2
1177,1,1,1,1
1178,2,2,1,1.66666666666667
1179,2,1,1,1.33333333333333
1180,2,1,1,1.33333333333333
1181,3,1,1,1.66666666666667
1182,4,3,1,2.66666666666667
1183,3,3,2,2.66666666666667
1184,2,2,1,1.66666666666667
1185,3,2,2,2.33333333333333
1186,3,3,2,2.66666666666667
1187,2,2,1,1.66666666666667
1188,2,4,2,2.66666666666667
1189,4,4,2,3.33333333333333
1190,4,5,3,4
1191,3,3,2,2.66666666666667
1192,1,1,1,1
1193,1,2,1,1.33333333333333
1194,2,2,3,2.33333333333333
1195,1,2,2,1.66666666666667
1196,2,2,2,2
1197,2,3,2,2.33333333333333
1198,2,3,2,2.33333333333333
1199,1,2,1,1.33333333333333
1200,1,2,1,1.33333333333333
1201,1,1,1,1
1202,1,1,1,1
1203,1,1,1,1
1204,1,1,1,1
1205,1,1,1,1
1206,2,2,3,2.33333333333333
1207,1,1,1,1
1208,1,1,1,1
1209,1,2,3,2
1210,2,1,1,1.33333333333333
1211,1,1,1,1
1212,1,1,1,1
1213,2,1,2,1.66666666666667
1214,2,2,2,2
1215,3,4,3,3.33333333333333
1216,4,3,3,3.33333333333333
1217,2,1,3,2
1218,2,1,2,1.66666666666667
1219,2,2,2,2
1220,2,1,1,1.33333333333333
1221,1,1,1,1
1222,1,1,1,1
1223,1,1,2,1.33333333333333
1224,2,2,1,1.66666666666667
1225,2,2,1,1.66666666666667
1226,2,3,2,2.33333333333333
1227,1,1,1,1
1228,1,2,2,1.66666666666667
1229,1,1,1,1
1230,1,1,1,1
1231,1,1,1,1
1232,1,2,1,1.33333333333333
1233,1,2,1,1.33333333333333
1234,1,1,1,1
1235,1,1,1,1
1236,1,1,1,1
1237,1,1,1,1
1238,1,1,1,1
1239,2,3,2,2.33333333333333
1240,2,4,3,3
1241,3,2,2,2.33333333333333
1242,3,2,1,2
1243,2,1,3,2
1244,2,1,1,1.33333333333333
1245,1,1,1,1
1246,3,4,4,3.66666666666667
1247,3,3,4,3.33333333333333
1248,3,3,3,3
1249,3,3,3,3
1250,3,3,3,3
1251,3,3,3,3
1252,2,1,1,1.33333333333333
1253,2,1,3,2
1254,2,1,1,1.33333333333333
1255,2,2,1,1.66666666666667
1256,2,1,1,1.33333333333333
1257,1,1,1,1
1258,3,4,3,3.33333333333333
1259,3,3,3,3
1260,3,3,3,3
1261,2,1,2,1.66666666666667
1262,2,2,2,2
1263,2,1,1,1.33333333333333
1264,2,1,1,1.33333333333333
1265,1,1,1,1
1266,1,1,1,1
1267,1,1,1,1
1268,1,1,1,1
1269,1,1,1,1
1270,2,2,2,2
1271,2,3,2,2.33333333333333
1272,2,2,1,1.66666666666667
1273,2,2,2,2
1274,2,1,2,1.66666666666667
1275,1,1,1,1
1276,2,2,3,2.33333333333333
1277,2,1,2,1.66666666666667
1278,2,2,2,2
1279,2,3,2,2.33333333333333
1280,1,1,1,1
1281,2,2,2,2
1282,3,2,2,2.33333333333333
1283,3,3,2,2.66666666666667
1284,2,2,2,2
1285,3,2,2,2.33333333333333
1286,2,1,2,1.66666666666667
1287,1,1,1,1
1288,1,1,2,1.33333333333333
1289,1,1,1,1
1290,1,1,2,1.33333333333333
1291,1,1,2,1.33333333333333
1292,1,1,1,1
1293,1,1,1,1
1294,2,3,2,2.33333333333333
1295,1,1,1,1
1296,2,3,3,2.66666666666667
1297,2,4,3,3
1298,3,3,3,3
1299,1,1,1,1
1300,1,1,1,1
1301,2,1,2,1.66666666666667
1302,2,2,3,2.33333333333333
1303,2,3,3,2.66666666666667
1304,2,4,4,3.33333333333333
1305,2,3,4,3
1306,1,3,3,2.33333333333333
1307,2,2,3,2.33333333333333
1308,2,3,2,2.33333333333333
1309,2,2,2,2
1310,2,2,2,2
1311,2,3,3,2.66666666666667
1312,2,5,3,3.33333333333333
1313,3,5,5,4.33333333333333
1314,3,4,4,3.66666666666667
1315,2,3,3,2.66666666666667
1316,2,4,2,2.66666666666667
1317,2,3,2,2.33333333333333
1318,2,3,2,2.33333333333333
1319,2,3,3,2.66666666666667
1320,2,4,2,2.66666666666667
1321,2,2,2,2
1322,1,2,2,1.66666666666667
1323,2,4,5,3.66666666666667
1324,2,3,3,2.66666666666667
1325,2,3,3,2.66666666666667
1326,2,4,3,3
1327,1,3,3,2.33333333333333
1328,2,3,2,2.33333333333333
1329,2,5,2,3
1330,2,4,2,2.66666666666667
1331,4,4,3,3.66666666666667
1332,4,5,4,4.33333333333333
1333,4,4,3,3.66666666666667
1334,2,5,3,3.33333333333333
1335,1,2,2,1.66666666666667
1336,1,2,2,1.66666666666667
1337,1,3,1,1.66666666666667
1338,1,4,1,2
1339,2,3,2,2.33333333333333
1340,1,1,1,1
1341,1,1,1,1
1342,2,3,2,2.33333333333333
1343,2,3,2,2.33333333333333
1344,1,1,1,1
1345,1,2,1,1.33333333333333
1346,1,2,2,1.66666666666667
1347,1,2,2,1.66666666666667
1348,2,3,3,2.66666666666667
1349,2,4,2,2.66666666666667
1350,2,2,3,2.33333333333333
1351,3,3,2,2.66666666666667
1352,3,4,3,3.33333333333333
1353,3,3,4,3.33333333333333
1354,1,2,2,1.66666666666667
1355,1,2,2,1.66666666666667
1356,1,3,3,2.33333333333333
1357,4,4,3,3.66666666666667
1358,3,1,2,2
1359,3,2,2,2.33333333333333
1360,1,1,2,1.33333333333333
1361,1,2,2,1.66666666666667
1362,1,1,2,1.33333333333333
1363,3,4,2,3
1364,3,4,2,3
1365,3,5,3,3.66666666666667
1366,1,1,2,1.33333333333333
1367,1,2,3,2
1368,1,1,2,1.33333333333333
1369,4,3,4,3.66666666666667
1370,4,4,5,4.33333333333333
1371,4,4,4,4
1372,2,2,2,2
1373,2,2,2,2
1374,3,4,3,3.33333333333333
1375,2,3,2,2.33333333333333
1376,2,2,2,2
1377,2,3,2,2.33333333333333
1378,2,1,1,1.33333333333333
1379,2,2,1,1.66666666666667
1380,2,2,3,2.33333333333333
1381,2,2,3,2.33333333333333
1382,4,5,3,4
1383,3,5,3,3.66666666666667
1384,3,4,2,3
1385,2,2,3,2.33333333333333
1386,2,3,3,2.66666666666667
1387,2,3,2,2.33333333333333
1388,3,4,2,3
1389,3,3,3,3
1390,3,3,3,3
1391,3,2,2,2.33333333333333
1392,3,2,2,2.33333333333333
1393,3,4,3,3.33333333333333
1394,3,5,4,4
1395,2,1,2,1.66666666666667
1396,2,1,1,1.33333333333333
1397,3,4,3,3.33333333333333
1398,3,4,3,3.33333333333333
1399,1,2,1,1.33333333333333
1400,1,2,2,1.66666666666667
1401,1,1,1,1
1402,2,3,3,2.66666666666667
1403,2,4,3,3
1404,1,1,2,1.33333333333333
1405,1,1,2,1.33333333333333
1406,2,1,3,2
1407,1,1,1,1
1408,1,1,1,1
1409,1,1,1,1
1410,1,3,1,1.66666666666667
1411,1,1,1,1
1412,1,1,1,1
1413,1,2,3,2
1414,1,2,3,2
1415,1,2,2,1.66666666666667
1416,1,1,1,1
1417,1,1,2,1.33333333333333
1418,2,3,3,2.66666666666667
1419,1,2,2,1.66666666666667
1420,2,2,2,2
1421,1,1,1,1
1422,1,1,1,1
1423,1,1,1,1
1424,1,1,1,1
1425,1,1,1,1
1426,1,2,1,1.33333333333333
1427,1,1,1,1
1428,1,1,1,1
1429,1,1,2,1.33333333333333
1430,1,2,1,1.33333333333333
1431,1,1,1,1
1432,2,3,3,2.66666666666667
1433,2,3,1,2
1434,2,3,3,2.66666666666667
1435,1,2,2,1.66666666666667
1436,1,1,1,1
1437,1,1,1,1
1438,1,1,1,1
1439,1,1,2,1.33333333333333
1440,1,1,1,1
1441,1,1,2,1.33333333333333
1442,2,2,2,2
1443,2,2,2,2
1444,2,1,1,1.33333333333333
1445,2,1,1,1.33333333333333
1446,2,2,2,2
1447,2,2,2,2
1448,1,1,1,1
1449,1,1,1,1
1450,1,1,1,1
1451,4,2,3,3
1452,2,1,2,1.66666666666667
1453,1,1,1,1
1454,1,1,2,1.33333333333333
1455,1,1,1,1
1456,1,1,1,1
1457,1,1,1,1
1458,1,1,2,1.33333333333333
1459,1,1,1,1
1460,1,1,1,1
1461,1,1,2,1.33333333333333
1462,1,2,2,1.66666666666667
1463,1,2,3,2
1464,3,3,3,3
1465,2,3,2,2.33333333333333
1466,1,2,3,2
1467,1,1,1,1
1468,2,2,2,2
1469,2,2,2,2
1470,1,1,1,1
1471,2,2,2,2
1472,2,2,3,2.33333333333333
1473,1,2,3,2
1474,1,2,2,1.66666666666667
1475,3,3,3,3
1476,3,3,3,3
1477,2,3,3,2.66666666666667
1478,3,3,3,3
1479,2,2,1,1.66666666666667
1480,2,1,2,1.66666666666667
1481,2,1,1,1.33333333333333
1482,1,1,1,1
1483,1,1,2,1.33333333333333
1484,1,2,2,1.66666666666667
1485,1,2,1,1.33333333333333
1486,1,1,1,1
1487,1,1,1,1
1488,2,2,1,1.66666666666667
1489,2,1,1,1.33333333333333
1490,1,2,1,1.33333333333333
1491,1,1,1,1
1492,1,1,1,1
1493,1,1,1,1
1494,1,3,2,2
1495,2,2,2,2
1496,1,2,1,1.33333333333333
1497,1,1,1,1
1498,3,3,3,3
1499,3,3,3,3
1500,1,2,1,1.33333333333333
1501,3,3,3,3
1502,3,4,3,3.33333333333333
1503,3,2,2,2.33333333333333
1504,3,2,1,2
1505,2,1,1,1.33333333333333
1506,2,2,2,2
1507,1,1,1,1
1508,4,3,4,3.66666666666667
1509,2,1,1,1.33333333333333
1510,2,1,1,1.33333333333333
1511,1,1,1,1
1512,2,2,2,2
1513,2,1,1,1.33333333333333
1514,1,1,1,1
1515,2,3,3,2.66666666666667
1516,2,4,3,3
1517,2,1,2,1.66666666666667
1518,2,1,2,1.66666666666667
1519,2,1,3,2
1520,2,3,2,2.33333333333333
1521,2,3,1,2
1522,2,2,1,1.66666666666667
1523,2,1,1,1.33333333333333
1524,1,1,1,1
1525,1,1,2,1.33333333333333
1526,2,3,2,2.33333333333333
1527,3,3,3,3
1528,2,3,2,2.33333333333333
1529,2,2,2,2
1530,2,2,1,1.66666666666667
1531,3,2,1,2
1532,3,3,1,2.33333333333333
1533,1,1,1,1
1534,1,1,1,1
1535,2,1,2,1.66666666666667
1536,1,1,1,1
1537,2,2,2,2
1538,3,2,2,2.33333333333333
1539,2,3,2,2.33333333333333
1540,2,2,2,2
1541,2,2,2,2
1542,2,2,2,2
1543,2,1,2,1.66666666666667
1544,1,1,2,1.33333333333333
1545,1,1,1,1
1546,1,2,1,1.33333333333333
1547,1,1,1,1
1548,1,1,1,1
1549,1,1,1,1
1550,1,2,2,1.66666666666667
1551,1,1,3,1.66666666666667
1552,1,2,3,2
1553,1,2,2,1.66666666666667
1554,3,3,3,3
1555,3,3,3,3
1556,3,2,2,2.33333333333333
1557,4,3,3,3.33333333333333
1558,3,2,2,2.33333333333333
1559,3,2,2,2.33333333333333
1560,4,4,4,4
1561,4,4,3,3.66666666666667
1562,4,3,3,3.33333333333333
1563,2,2,1,1.66666666666667
1564,2,2,1,1.66666666666667
1565,3,2,1,2
1566,3,2,3,2.66666666666667
1567,3,3,4,3.33333333333333
1568,2,2,1,1.66666666666667
1569,2,1,2,1.66666666666667
1570,2,1,2,1.66666666666667
1571,1,1,2,1.33333333333333
1572,1,2,2,1.66666666666667
1573,1,1,1,1
1574,1,2,2,1.66666666666667
1575,2,2,2,2
1576,2,1,1,1.33333333333333
1577,1,2,2,1.66666666666667
1578,2,1,2,1.66666666666667
1579,2,2,3,2.33333333333333
1580,2,2,2,2
1581,3,3,3,3
1582,3,3,3,3
1583,1,1,1,1
1584,2,2,2,2
1585,2,2,2,2
1586,2,1,1,1.33333333333333
1587,2,1,2,1.66666666666667
1588,2,2,2,2
1589,2,2,2,2
1590,1,1,1,1
1591,1,1,1,1
1592,2,1,2,1.66666666666667
1593,2,1,2,1.66666666666667
1594,2,1,1,1.33333333333333
1595,1,1,1,1
1596,2,3,2,2.33333333333333
1597,2,3,3,2.66666666666667
1598,2,2,3,2.33333333333333
1599,2,1,2,1.66666666666667
1600,2,3,3,2.66666666666667
1601,3,2,2,2.33333333333333
1602,3,3,2,2.66666666666667
1603,2,2,3,2.33333333333333
1604,2,2,3,2.33333333333333
1605,2,3,2,2.33333333333333
1606,1,1,1,1
1607,1,2,2,1.66666666666667
1608,1,2,2,1.66666666666667
1609,2,2,3,2.33333333333333
1610,1,1,1,1
1611,1,2,1,1.33333333333333
1612,2,2,1,1.66666666666667
1613,2,1,3,2
1614,2,2,3,2.33333333333333
1615,1,1,1,1
1616,1,1,1,1
1617,2,1,1,1.33333333333333
1618,2,1,2,1.66666666666667
1619,2,2,2,2
1620,1,2,2,1.66666666666667
1621,1,1,1,1
1622,1,2,1,1.33333333333333
1623,1,1,1,1
1624,1,1,1,1
1625,2,3,3,2.66666666666667
1626,2,2,3,2.33333333333333
1627,2,2,2,2
1628,2,2,3,2.33333333333333
1629,3,3,3,3
1630,1,1,2,1.33333333333333
1631,1,2,2,1.66666666666667
1632,2,2,3,2.33333333333333
1633,3,3,4,3.33333333333333
1634,1,1,1,1
1635,1,1,1,1
1636,1,1,2,1.33333333333333
1637,1,1,1,1
1638,1,1,1,1
1639,1,1,1,1
1640,1,1,1,1
1641,1,1,1,1
1642,2,2,2,2
1643,1,1,1,1
1644,1,1,1,1
1645,2,1,2,1.66666666666667
1646,1,1,1,1
1647,1,1,1,1
1648,1,1,1,1
1649,1,1,2,1.33333333333333
1650,1,1,2,1.33333333333333
1651,1,1,3,1.66666666666667
1652,1,1,1,1
1653,1,1,1,1
1654,1,1,1,1
1655,4,3,4,3.66666666666667
1656,1,1,1,1
1657,1,1,1,1
1658,2,1,1,1.33333333333333
1659,2,2,1,1.66666666666667
1660,1,2,2,1.66666666666667
1661,2,3,3,2.66666666666667
1662,1,2,2,1.66666666666667
1663,2,3,2,2.33333333333333
1664,2,2,2,2
1665,2,2,2,2
1666,2,2,2,2
1667,2,2,3,2.33333333333333
1668,2,2,3,2.33333333333333
1669,2,3,3,2.66666666666667
1670,1,2,1,1.33333333333333
1671,2,2,2,2
1672,2,3,2,2.33333333333333
1673,2,3,2,2.33333333333333
1674,2,4,3,3
1675,1,2,2,1.66666666666667
1676,2,2,2,2
1677,2,2,2,2
1678,1,1,1,1
1679,2,2,2,2
1680,1,1,1,1
1681,1,1,1,1
1682,1,1,1,1
1683,2,2,2,2
1684,1,2,1,1.33333333333333
1685,1,2,1,1.33333333333333
1686,1,1,1,1
1687,1,1,1,1
1688,1,1,2,1.33333333333333
1689,2,2,1,1.66666666666667
1690,1,1,1,1
1691,1,1,1,1
1692,1,1,1,1
1693,1,1,1,1
1694,1,1,1,1
1695,2,2,2,2
1696,1,1,1,1
1697,1,1,1,1
1698,1,1,1,1
1699,1,1,1,1
1700,1,1,1,1
1701,2,2,1,1.66666666666667
1702,2,1,1,1.33333333333333
1703,3,4,4,3.66666666666667
1704,2,3,4,3
1705,3,4,3,3.33333333333333
1706,3,3,3,3
1707,2,2,2,2
1708,2,2,2,2
1709,2,2,2,2
1710,1,2,2,1.66666666666667
1711,1,2,2,1.66666666666667
1712,2,1,2,1.66666666666667
1713,2,1,2,1.66666666666667
1714,2,2,2,2
1715,2,1,4,2.33333333333333
1716,3,1,4,2.66666666666667
1717,1,1,2,1.33333333333333
1718,1,1,2,1.33333333333333
1719,3,2,1,2
1720,3,1,1,1.66666666666667
1721,1,1,1,1
1722,1,1,1,1
1723,1,1,2,1.33333333333333
1724,1,1,1,1
1725,2,3,3,2.66666666666667
1726,2,2,3,2.33333333333333
1727,2,2,3,2.33333333333333
1728,2,2,3,2.33333333333333
1729,2,1,3,2
1730,1,1,2,1.33333333333333
1731,1,2,3,2
1732,2,2,3,2.33333333333333
1733,2,2,3,2.33333333333333
1734,2,2,2,2
1735,1,1,1,1
1736,2,2,2,2
1737,1,1,1,1
1738,2,1,4,2.33333333333333
1739,1,1,1,1
1740,1,1,1,1
1741,2,3,3,2.66666666666667
1742,2,2,2,2
1743,1,2,3,2
1744,2,1,3,2
1745,1,1,1,1
1746,1,2,2,1.66666666666667
1747,2,2,3,2.33333333333333
1748,2,2,3,2.33333333333333
1749,2,1,2,1.66666666666667
1750,2,2,2,2
1751,2,3,3,2.66666666666667
1752,2,3,3,2.66666666666667
1753,2,3,3,2.66666666666667
1754,2,2,3,2.33333333333333
1755,1,2,3,2
1756,1,1,1,1
1757,1,1,1,1
1758,1,1,2,1.33333333333333
1759,2,2,3,2.33333333333333
1760,1,2,1,1.33333333333333
1761,1,2,2,1.66666666666667
1762,1,2,2,1.66666666666667
1763,3,2,2,2.33333333333333
1764,3,3,3,3
1765,4,4,4,4
1766,4,3,3,3.33333333333333
1767,2,2,3,2.33333333333333
1768,2,2,3,2.33333333333333
1769,2,2,2,2
1770,2,2,1,1.66666666666667
1771,1,1,2,1.33333333333333
1772,1,1,1,1
1773,1,1,1,1
1774,1,1,1,1
1775,2,3,3,2.66666666666667
1776,1,3,2,2
1777,1,2,1,1.33333333333333
1778,2,1,3,2
1779,1,1,3,1.66666666666667
1780,1,1,2,1.33333333333333
1781,2,1,2,1.66666666666667
1782,1,2,3,2
1783,1,3,2,2
1784,1,3,3,2.33333333333333
1785,1,1,1,1
1786,1,3,3,2.33333333333333
1787,1,1,1,1
1788,1,1,1,1
1789,1,2,2,1.66666666666667
1790,2,2,2,2
1791,1,1,2,1.33333333333333
1792,2,2,3,2.33333333333333
1793,1,2,3,2
1794,1,1,2,1.33333333333333
1795,1,2,1,1.33333333333333
1796,2,3,3,2.66666666666667
1797,2,2,2,2
1798,2,3,3,2.66666666666667
1799,1,1,2,1.33333333333333
1800,1,1,1,1
1801,3,2,2,2.33333333333333
1802,2,2,2,2
1803,2,2,3,2.33333333333333
1804,3,3,3,3
1805,4,3,3,3.33333333333333
1806,1,1,1,1
1807,2,1,2,1.66666666666667
1808,2,2,3,2.33333333333333
1809,1,1,2,1.33333333333333
1810,2,1,2,1.66666666666667
1811,4,3,3,3.33333333333333
1812,3,3,3,3
1813,1,1,1,1
1814,2,2,2,2
1815,1,2,1,1.33333333333333
1816,2,2,3,2.33333333333333
1817,2,2,3,2.33333333333333
1818,2,2,3,2.33333333333333
1819,3,5,3,3.66666666666667
1820,3,3,2,2.66666666666667
1821,3,3,3,3
1822,2,2,3,2.33333333333333
1823,2,2,2,2
1824,2,1,1,1.33333333333333
1825,2,1,1,1.33333333333333
1826,2,2,1,1.66666666666667
1827,2,1,1,1.33333333333333
1828,1,1,1,1
1829,3,3,2,2.66666666666667
1830,2,2,1,1.66666666666667
1831,1,2,1,1.33333333333333
1832,3,4,3,3.33333333333333
1833,2,2,3,2.33333333333333
1834,1,1,1,1
1835,4,5,3,4
1836,3,2,2,2.33333333333333
1837,2,1,1,1.33333333333333
1838,2,2,1,1.66666666666667
1839,2,1,1,1.33333333333333
1840,3,3,2,2.66666666666667
1841,3,3,2,2.66666666666667
1842,3,1,1,1.66666666666667
1843,4,3,2,3
1844,1,1,1,1
1845,1,1,1,1
1846,1,1,1,1
1847,1,1,1,1
1848,1,1,1,1
1849,1,1,1,1
1850,1,1,1,1
1851,3,3,3,3
1852,3,3,4,3.33333333333333
1853,3,3,4,3.33333333333333
1854,4,4,3,3.66666666666667
1855,3,3,3,3
1856,2,3,4,3
1857,3,3,3,3
1858,4,4,5,4.33333333333333
1859,4,4,5,4.33333333333333
1860,3,3,4,3.33333333333333
1861,4,4,5,4.33333333333333
1862,3,3,3,3
1863,2,3,3,2.66666666666667
1864,4,3,5,4
1865,3,4,5,4
1866,2,2,3,2.33333333333333
1867,3,3,4,3.33333333333333
1868,3,3,3,3
1869,4,4,4,4
1870,4,4,4,4
1871,3,2,3,2.66666666666667
1872,2,2,3,2.33333333333333
1873,4,4,4,4
1874,4,3,4,3.66666666666667
1875,4,4,4,4
1876,3,3,4,3.33333333333333
1877,3,3,3,3
1878,2,1,3,2
1879,3,3,4,3.33333333333333
1880,4,4,4,4
1881,3,3,3,3
1882,4,3,3,3.33333333333333
1883,2,2,3,2.33333333333333
1884,4,3,3,3.33333333333333
1885,3,3,3,3
1886,3,3,2,2.66666666666667
1887,3,4,4,3.66666666666667
1888,3,5,5,4.33333333333333
1889,3,1,5,3
1890,4,3,4,3.66666666666667
1891,3,3,4,3.33333333333333
1892,2,2,3,2.33333333333333
1893,3,4,4,3.66666666666667
1894,2,3,3,2.66666666666667
1895,4,3,2,3
1896,3,3,3,3
1897,3,2,3,2.66666666666667
1898,2,2,3,2.33333333333333
1899,4,3,4,3.66666666666667
1900,4,4,3,3.66666666666667
1901,4,4,5,4.33333333333333
1902,3,2,3,2.66666666666667
1903,3,3,4,3.33333333333333
1904,3,3,3,3
1905,4,3,5,4
1906,3,4,4,3.66666666666667
1907,3,2,4,3
1908,3,3,3,3
1909,2,3,4,3
1910,3,4,3,3.33333333333333
1911,2,4,3,3
1912,3,2,3,2.66666666666667
1913,3,2,3,2.66666666666667
1914,2,3,3,2.66666666666667
1915,3,2,3,2.66666666666667
1916,3,3,3,3
1917,3,3,3,3
1918,3,3,4,3.33333333333333
1919,2,3,3,2.66666666666667
1920,3,2,3,2.66666666666667
1921,3,3,3,3
1922,3,3,3,3
1923,2,2,3,2.33333333333333
1924,4,4,4,4
1925,3,3,4,3.33333333333333
1926,3,3,3,3
1927,4,5,5,4.66666666666667
1928,3,2,3,2.66666666666667
1929,4,3,3,3.33333333333333
1930,3,2,3,2.66666666666667
1931,3,3,3,3
1932,3,3,4,3.33333333333333
1933,3,3,4,3.33333333333333
1934,2,3,3,2.66666666666667
1935,3,3,3,3
1936,3,2,3,2.66666666666667
1937,3,2,3,2.66666666666667
1938,3,4,4,3.66666666666667
1939,3,3,3,3
1940,3,3,3,3
1941,3,4,4,3.66666666666667
1942,3,3,4,3.33333333333333
1943,3,4,4,3.66666666666667
1944,3,4,3,3.33333333333333
1945,4,4,4,4
1946,3,4,4,3.66666666666667
1947,3,3,3,3
1948,3,3,3,3
1949,3,4,4,3.66666666666667
1950,3,4,3,3.33333333333333
1951,5,3,3,3.66666666666667
1952,1,2,3,2
1953,1,2,4,2.33333333333333
1954,3,3,3,3
1955,3,3,3,3
1956,3,3,3,3
1957,2,3,3,2.66666666666667
1958,3,4,3,3.33333333333333
1959,3,4,3,3.33333333333333
1960,3,3,3,3
1961,1,2,3,2
1962,2,3,2,2.33333333333333
1963,4,4,3,3.66666666666667
1964,4,2,2,2.66666666666667
1965,4,3,3,3.33333333333333
1966,4,5,3,4
1967,4,4,3,3.66666666666667
1968,2,2,3,2.33333333333333
1969,3,3,3,3
1970,3,3,3,3
1971,3,4,4,3.66666666666667
1972,2,2,3,2.33333333333333
1973,4,3,4,3.66666666666667
1974,3,3,2,2.66666666666667
1975,4,4,4,4
1976,3,3,3,3
1977,3,4,3,3.33333333333333
1978,4,5,4,4.33333333333333
1979,3,3,3,3
1980,3,3,4,3.33333333333333
1981,3,2,3,2.66666666666667
1982,4,4,4,4
1983,3,3,3,3
1984,4,3,4,3.66666666666667
1985,3,3,3,3
1986,3,2,3,2.66666666666667
1987,3,3,4,3.33333333333333
1988,3,4,3,3.33333333333333
1989,4,4,5,4.33333333333333
1990,3,4,4,3.66666666666667
1991,3,4,4,3.66666666666667
1992,2,3,3,2.66666666666667
1993,1,1,1,1
1994,1,1,1,1
1995,1,1,2,1.33333333333333
1996,1,2,2,1.66666666666667
1997,1,2,1,1.33333333333333
1998,1,2,1,1.33333333333333
1999,3,3,2,2.66666666666667
2000,1,2,3,2
